amfi_code,avg_rolling_sharpe
100016,0.33750705264114117
100025,1.1255021088620434
100033,1.5861538114172278
101206,1.4846477983767792
101207,0.41620496546115515
